train_accuracy,train_loss,train_map_mse_range11,val_accuracy,val_loss,val_map_mse_range11,curr_epoch
0.005859694,5.4255533,0.35846463,0.005978774,5.34898,0.33828866,0
0.008399752,5.3838754,0.4801586,0.009055815,5.2993603,0.39837423,1
0.0133280335,5.2870784,0.38460073,0.012769191,5.1356215,0.3257398,2
