train_loss,val_loss,curr_epoch
0.19839297,0.16904622,0
0.16428775,0.12920015,1
0.15770833,0.16252805,2
0.15374583,0.117499016,3
0.14958249,0.14359456,4
0.14804709,0.16655004,5
0.14491057,0.11603334,6
