train_loss,val_loss,curr_epoch
0.41663593,0.79427433,0
0.23219773,0.5650707,1
0.23704429,0.5349919,2
0.2006514,0.4073816,3
0.25473362,0.35583296,4
0.20662388,0.18478121,5
