train_loss,val_loss,curr_epoch
0.1677363,0.27618194,0
0.12994623,0.117280304,1
0.12047435,0.13491555,2
0.11690215,0.12057996,3
0.113389656,0.118126296,4
0.111796066,0.09395711,5
0.108138144,0.11485678,6
0.10576144,0.15815838,7
0.1042709,0.10298171,8
0.10113302,0.12212453,9
0.099547945,0.110159084,10
0.096627735,0.12495076,11
0.09611664,0.09807322,12
