train_accuracy,train_loss,train_map_mse_range11,val_accuracy,val_loss,val_map_mse_range11,curr_epoch
0.0063063893,5.420294,0.39816725,0.0067010443,5.371823,0.3435284,0
0.0084458515,5.3753133,0.5088063,0.0095107155,5.3354764,0.46728003,1
0.010950919,5.3562536,0.5860079,0.009683753,5.3044887,0.57872856,2
