train_loss,val_loss,curr_epoch
0.20082197,0.15551595,0
0.17785226,0.13596316,1
0.16536592,0.1218205,2
0.15667263,0.11620864,3
0.14995648,0.1403845,4
0.1481443,0.14719014,5
