train_loss,val_loss,curr_epoch
0.14103663,0.16055417,0
0.06476895,0.16256993,1
0.035239052,0.1664345,2
0.024369285,0.15428136,3
0.014974195,0.150692,4
