train_loss,val_loss,curr_epoch
0.17746219,0.13644317,0
0.13750035,0.110013925,1
0.1306318,0.11372137,2
0.12834814,0.10647385,3
0.12618198,0.10259392,4
