train_loss,val_loss,curr_epoch
0.17673571,0.11855575,0
0.13724576,0.1130012,1
0.13100462,0.09883027,2
0.12979937,0.105228245,3
0.12544818,0.1164218,4
0.12480103,0.0957814,5
0.123312,0.25044656,6
0.12920426,0.120119624,7
