train_accuracy,train_loss,train_map_mse_range11,val_accuracy,val_loss,val_map_mse_range11,curr_epoch
0.006255797,5.4236374,0.3799868,0.0060174554,5.353064,0.3109511,0
0.0074263993,5.391126,0.40757158,0.009753572,5.317294,0.44104767,1
