train_loss,val_loss,curr_epoch
0.16531077,0.19178401,0
0.11202778,0.1910565,1
