train_loss,val_loss,curr_epoch
0.19577739,0.16460326,0
0.14994174,0.24102335,1
0.14240332,0.13130303,2
0.13669205,0.17275162,3
0.1353468,0.11243041,4
