train_loss,val_loss,curr_epoch
0.18127233,0.16314757,0
0.14858994,0.1193437,1
0.1414225,0.1387099,2
0.13890892,0.12471638,3
0.13617393,0.12627263,4
0.13219106,0.11990477,5
0.12782197,0.11479173,6
0.12688449,0.12980905,7
0.123099506,0.12699592,8
