train_loss,val_loss,curr_epoch
0.18127233,0.16314757,0
0.14858994,0.1193437,1
0.1414225,0.1387099,2
0.13890892,0.12471638,3
0.13617393,0.12627263,4
0.13219106,0.11990477,5
0.12782197,0.11479173,6
0.12688449,0.12980905,7
0.123099506,0.12699592,8
0.1209901,0.12927319,9
0.11951846,0.115833044,10
0.11716869,0.10116118,11
0.11417295,0.11498055,12
0.114783786,0.16125351,13
0.113902144,0.10336802,14
0.11165432,0.109859765,15
0.11301556,0.1314623,16
0.11203476,0.10762046,17
