train_accuracy,train_loss,train_map_mse_range11,val_accuracy,val_loss,val_map_mse_range11,curr_epoch
0.022107515,5.4022512,0.7630537,0.02166765,5.2761364,0.7221649,0
0.027304078,5.293831,0.707601,0.025705632,5.10419,0.4016348,1
0.028770868,5.2373343,0.5085043,0.026441729,5.048453,0.4140166,2
0.02959238,5.208064,0.47460383,0.026236996,5.049986,0.3337364,3
0.03009536,5.186614,0.4507393,0.026654413,5.0253353,0.33272886,4
0.030247763,5.200941,0.4810331,0.025417723,5.0780296,0.38548702,5
0.029422253,5.1935964,0.47303304,0.025364552,5.079754,0.4299323,6
