train_loss,val_loss,curr_epoch
0.1887092,0.15249002,0
0.14258404,0.13008463,1
0.13594113,0.20503642,2
0.13497393,0.12320366,3
0.13071662,0.26136106,4
