train_accuracy,train_loss,train_map_mse_range11,val_accuracy,val_loss,val_map_mse_range11,curr_epoch
0.013236576,5.4177537,0.4788838,0.018889312,5.271928,0.35478684,0
0.026790898,5.2077203,0.38495865,0.025774848,5.083889,0.3295327,1
0.029133324,5.137473,0.37080503,0.026042417,5.069668,0.34332123,2
0.02918581,5.1160517,0.36431375,0.024468308,5.066537,0.37876463,3
0.02954367,5.1032586,0.36392862,0.0266545,5.0928574,0.35224864,4
0.030654145,5.0889606,0.37071842,0.027571829,5.087631,0.362403,5
0.030460183,5.0841227,0.37548757,0.027406799,5.0432034,0.36498427,6
0.030914027,5.0778112,0.3716005,0.02758729,5.064378,0.3418546,7
0.032039862,5.0548134,0.35302964,0.027753178,5.007081,0.32652214,8
