train_loss,val_loss,curr_epoch
0.458875,0.36243087,0
0.34553242,0.34662262,1
