train_loss,val_loss,curr_epoch
0.107663944,0.1619018,0
0.045590267,0.1568307,1
0.041278042,0.13836293,2
0.04015101,0.10730574,3
0.03807684,0.09027432,4
