train_loss,val_loss,curr_epoch
0.25032926,0.1857589,0
0.19368424,0.18562646,1
