train_accuracy,train_loss,train_map_mse_range11,val_accuracy,val_loss,val_map_mse_range11,curr_epoch
0.008634033,5.5003843,0.40933713,0.0058850097,5.533896,0.45816714,0
0.0188501,5.3138857,0.24175552,0.0063818367,5.4517546,0.4457898,1
