train_loss,val_loss,curr_epoch
0.107663944,0.1619018,0
0.045590267,0.1568307,1
