train_loss,val_loss,curr_epoch
0.092187606,0.15381297,0
0.03893134,0.14506097,1
0.042443544,0.12604018,2
0.03160901,0.12555154,3
0.03494889,0.09626701,4
