train_accuracy,train_loss,val_accuracy,val_loss,curr_epoch
0.006435547,5.5434976,0.0045914715,5.544831,0
0.017823894,5.437949,0.006276042,5.5439625,1
