train_loss,val_loss,curr_epoch
0.4531394,0.33801085,0
0.34541476,0.31811064,1
