train_accuracy,train_loss,train_map_mse_range11,val_accuracy,val_loss,val_map_mse_range11,curr_epoch
0.006336263,5.5431786,0.82770693,0.004780273,5.5442004,0.8363825,0
0.01577474,5.4622765,0.81972134,0.006523438,5.542936,0.9917464,1
