train_accuracy,train_loss,train_map_mse_range11,val_accuracy,val_loss,val_map_mse_range11,curr_epoch
0.017167969,5.4887633,0.48461246,0.017416993,5.5243306,0.55525047,0
0.08452637,5.2873006,0.37266132,0.032163087,5.437811,0.5365914,1
