train_loss,val_loss,curr_epoch
0.4297188,0.3389631,0
0.33563808,0.31040034,1
