train_loss,val_loss,curr_epoch
0.12175379,0.18066666,0
0.066207655,0.19124551,1
