train_loss,val_loss,curr_epoch
0.17528522,0.1559918,0
0.14726587,0.13545194,1
0.13742776,0.14202945,2
0.13370147,0.12868458,3
0.13009033,0.15985928,4
0.12843218,0.17000902,5
0.12643194,0.12252584,6
0.12263455,0.122820795,7
0.12100865,0.116357416,8
