train_loss,val_loss,curr_epoch
0.72233015,0.7723912,0
0.5272092,0.8301126,1
0.408155,0.8715112,2
0.33287904,0.83212125,3
