train_accuracy,train_loss,train_map_mse_range11,val_accuracy,val_loss,val_map_mse_range11,curr_epoch
0.020901175,5.387687,0.6888026,0.022923915,5.231778,0.6092122,0
0.028281707,5.2692833,0.6215043,0.025681779,5.103941,0.48426107,1
0.029614916,5.220884,0.4944981,0.027136281,5.0738454,0.37053457,2
0.030852268,5.19031,0.4616046,0.026108429,5.069909,0.49597353,3
0.030107627,5.1852665,0.45011482,0.026795117,5.051793,0.41028,4
0.030379774,5.187476,0.43895632,0.026818456,5.0519066,0.45987,5
