train_loss,val_loss,curr_epoch
0.5908365,1.0889204,0
0.31600574,0.9063581,1
