train_loss,val_loss,curr_epoch
0.4582649,0.80810165,0
0.22454722,0.71683383,1
