train_loss,val_loss,curr_epoch
0.40258518,0.8144965,0
0.26598263,0.840325,1
