train_accuracy,train_loss,train_map_mse_range11,val_accuracy,val_loss,val_map_mse_range11,curr_epoch
0.016252326,5.4438715,0.73364645,0.01974577,5.3900514,0.80287385,0
0.02651177,5.362576,0.8122562,0.021847231,5.287245,0.7243252,1
0.027928019,5.312844,0.7188396,0.025668062,5.16518,0.41908067,2
0.028558834,5.251141,0.531122,0.015140267,5.5956373,0.892458,3
