train_loss,val_loss,curr_epoch
0.20011827,0.1538992,0
0.17448243,0.13836825,1
0.16376445,0.13310537,2
0.15457208,0.16567488,3
0.15291327,0.18151411,4
0.14522307,0.12726517,5
0.14086351,0.1142356,6
0.13853131,0.14295827,7
0.14005461,0.11062006,8
