train_loss,val_loss,curr_epoch
0.7286452,0.384305,0
0.3417925,0.33138257,1
