train_loss,val_loss,curr_epoch
0.1821192,0.124818854,0
0.14802344,0.1305319,1
0.14266002,0.12539908,2
0.13746996,0.116470434,3
0.13320622,0.14066336,4
0.12810116,0.113941856,5
0.1264611,0.14763682,6
0.12196713,0.12001964,7
0.119411394,0.14113724,8
