train_accuracy,train_loss,train_map_mse_range11,val_accuracy,val_loss,val_map_mse_range11,curr_epoch
0.015397558,5.4163213,0.6274577,0.021076107,5.258924,0.40051123,0
0.027521329,5.2778773,0.5151338,0.027874516,5.0975657,0.33802736,1
0.027945112,5.2285194,0.46632388,0.028287487,5.041135,0.3852623,2
0.028435694,5.2122927,0.47639203,0.026805889,5.0636415,0.33253893,3
0.029854825,5.1901007,0.4552931,0.028709518,5.002463,0.3230265,4
0.029685937,5.1923485,0.46412665,0.027779888,5.0577035,0.45319015,5
