train_loss,val_loss,curr_epoch
0.8286452,0.484305,0
0.4417925,0.43138257,1
