train_accuracy,train_loss,train_map_mse_range11,val_accuracy,val_loss,val_map_mse_range11,curr_epoch
0.01760154,5.4221897,0.70971894,0.023620114,5.2974544,0.72127634,0
0.026420122,5.3454328,0.78685504,0.02427545,5.277875,0.68726534,1
0.027205318,5.331755,0.7783797,0.024298469,5.215863,0.6620059,2
