train_loss,val_loss,curr_epoch
0.17395042,0.13054702,0
0.13581045,0.13081229,1
0.1314358,0.1078114,2
0.12889114,0.098335706,3
0.12686756,0.094655424,4
0.1261054,0.09942963,5
0.12527485,0.14894196,6
0.12397971,0.09571411,7
