train_accuracy,train_loss,train_map_mse_range11,val_accuracy,val_loss,val_map_mse_range11,curr_epoch
0.014055247,5.4465237,0.71824557,0.01859854,5.3387012,0.7672939,0
0.020690577,5.378901,0.84169656,0.017919654,5.323801,0.8240047,1
0.020992381,5.372903,0.84045094,0.01990793,5.3062935,0.8930486,2
