train_loss,val_loss,curr_epoch
0.1658162,0.122140974,0
0.12923163,0.14633207,1
0.121148735,0.14558887,2
0.1164491,0.09092849,3
0.11165366,0.1312247,4
0.11021677,0.12313219,5
0.10740493,0.120603085,6
0.105953164,0.093385756,7
0.10067894,0.15518057,8
0.101968706,0.09681769,9
0.09715027,0.11448747,10
